Site,Status,Tempo,Elemento_OK,Hora
Google,200,0.216874361038208,False,2025-08-21 11:04:46
LinkedIn,200,0.38165831565856934,False,2025-08-21 11:04:53
Amazon,503,0.37485384941101074,False,2025-08-21 11:04:59
Globo,200,0.18042588233947754,False,2025-08-21 11:05:06
Teste 404,Erro,,False,2025-08-21 11:05:19
Teste 500,Erro,,False,2025-08-21 11:05:19
Teste 301,200,0.2754838466644287,False,2025-08-21 11:05:20
Teste 403,Erro,,False,2025-08-21 11:05:20
Google,200,0.22481226921081543,False,2025-08-21 11:06:21
LinkedIn,200,0.37963199615478516,False,2025-08-21 11:06:28
Amazon,503,0.2213585376739502,True,2025-08-21 11:06:34
Globo,200,0.09063887596130371,False,2025-08-21 11:06:37
Teste 404,Erro,,False,2025-08-21 11:06:48
Teste 500,Erro,,False,2025-08-21 11:06:48
Teste 301,200,0.2278761863708496,False,2025-08-21 11:06:48
Teste 403,Erro,,False,2025-08-21 11:06:48
Google,200,0.2616093158721924,False,2025-08-21 11:07:49
LinkedIn,200,0.37799525260925293,False,2025-08-21 11:07:55
Amazon,503,0.22174596786499023,True,2025-08-21 11:08:01
Globo,200,0.11548304557800293,False,2025-08-21 11:08:03
Teste 404,Erro,,False,2025-08-21 11:08:09
Teste 500,Erro,,False,2025-08-21 11:08:09
Teste 301,200,0.2702953815460205,False,2025-08-21 11:08:10
Teste 403,Erro,,False,2025-08-21 11:08:10
Google,200,0.21625638008117676,False,2025-08-21 11:09:10
LinkedIn,200,0.40278005599975586,False,2025-08-21 11:09:16
Amazon,503,0.18212509155273438,True,2025-08-21 11:09:23
Globo,200,0.17718052864074707,False,2025-08-21 11:09:25
Teste 404,Erro,,False,2025-08-21 11:09:39
Teste 500,Erro,,False,2025-08-21 11:09:40
Teste 301,200,0.21034026145935059,False,2025-08-21 11:09:40
Teste 403,Erro,,False,2025-08-21 11:09:40
Google,200,0.1930093765258789,False,2025-08-21 11:10:41
LinkedIn,200,0.407989501953125,False,2025-08-21 11:10:47
Amazon,503,0.26166582107543945,True,2025-08-21 11:10:53
Globo,200,0.16034626960754395,False,2025-08-21 11:10:54
Teste 404,Erro,,False,2025-08-21 11:11:04
Teste 500,Erro,,False,2025-08-21 11:11:05
Teste 301,200,0.25221896171569824,False,2025-08-21 11:11:05
Teste 403,Erro,,False,2025-08-21 11:11:05
Google,200,0.20091032981872559,False,2025-08-21 11:12:06
LinkedIn,200,0.31742310523986816,False,2025-08-21 11:12:12
Amazon,503,0.2183675765991211,True,2025-08-21 11:12:18
Globo,200,0.12325334548950195,False,2025-08-21 11:12:20
Teste 404,Erro,,False,2025-08-21 11:12:25
Teste 500,Erro,,False,2025-08-21 11:12:26
Teste 301,200,0.2493000030517578,False,2025-08-21 11:12:26
Teste 403,Erro,,False,2025-08-21 11:12:26
Google,200,0.2810938358306885,False,2025-08-21 11:13:27
LinkedIn,200,0.3461487293243408,False,2025-08-21 11:13:33
Amazon,503,0.1837444305419922,True,2025-08-21 11:13:39
Globo,200,0.10870146751403809,False,2025-08-21 11:13:40
Teste 404,Erro,,False,2025-08-21 11:13:51
Teste 500,Erro,,False,2025-08-21 11:13:51
Teste 301,200,0.2378699779510498,False,2025-08-21 11:13:51
Teste 403,Erro,,False,2025-08-21 11:13:52
Google,200,0.19405102729797363,False,2025-08-21 11:14:52
LinkedIn,200,0.47112178802490234,False,2025-08-21 11:14:58
Amazon,503,0.1962287425994873,True,2025-08-21 11:15:05
Globo,200,0.4109814167022705,False,2025-08-21 11:15:07
Teste 404,Erro,,False,2025-08-21 11:15:18
Teste 500,Erro,,False,2025-08-21 11:15:19
Teste 301,200,0.2465813159942627,False,2025-08-21 11:15:19
Teste 403,Erro,,False,2025-08-21 11:15:19
Google,200,0.215317964553833,False,2025-08-21 11:16:20
LinkedIn,200,0.32020115852355957,False,2025-08-21 11:16:26
Amazon,503,0.19111990928649902,True,2025-08-21 11:16:32
Globo,200,0.10307145118713379,False,2025-08-21 11:16:34
Teste 404,Erro,,False,2025-08-21 11:16:39
Teste 500,Erro,,False,2025-08-21 11:16:39
Teste 301,200,0.24431729316711426,False,2025-08-21 11:16:40
Teste 403,Erro,,False,2025-08-21 11:16:40
Google,200,0.20316481590270996,False,2025-08-21 11:17:40
LinkedIn,200,0.34220218658447266,False,2025-08-21 11:17:46
Amazon,503,0.3984849452972412,True,2025-08-21 11:17:53
Globo,200,0.2446892261505127,False,2025-08-21 11:17:54
Teste 404,Erro,,False,2025-08-21 11:18:05
Teste 500,Erro,,False,2025-08-21 11:18:06
Teste 301,200,0.2264409065246582,False,2025-08-21 11:18:06
Teste 403,Erro,,False,2025-08-21 11:18:06
Google,200,0.19513559341430664,False,2025-08-21 11:19:06
LinkedIn,200,0.3362586498260498,False,2025-08-21 11:19:12
Amazon,503,0.22951078414916992,True,2025-08-21 11:19:19
Globo,200,0.2993617057800293,False,2025-08-21 11:19:20
Teste 404,Erro,,False,2025-08-21 11:19:31
Teste 500,Erro,,False,2025-08-21 11:19:31
Teste 301,200,0.21921300888061523,False,2025-08-21 11:19:32
Teste 403,Erro,,False,2025-08-21 11:19:32
Google,200,0.2252354621887207,False,2025-08-21 11:20:32
LinkedIn,200,0.31537723541259766,False,2025-08-21 11:20:38
Amazon,503,0.18622064590454102,True,2025-08-21 11:20:45
Globo,200,0.2893509864807129,False,2025-08-21 11:20:46
Teste 404,Erro,,False,2025-08-21 11:20:52
Teste 500,Erro,,False,2025-08-21 11:20:52
Teste 301,200,0.2195887565612793,False,2025-08-21 11:20:52
Teste 403,Erro,,False,2025-08-21 11:20:53
Google,200,0.21619105339050293,False,2025-08-21 11:21:53
LinkedIn,200,0.30719661712646484,False,2025-08-21 11:21:59
Amazon,503,0.18671178817749023,True,2025-08-21 11:22:05
Globo,200,0.12289190292358398,False,2025-08-21 11:22:07
Teste 404,Erro,,False,2025-08-21 11:22:17
Teste 500,Erro,,False,2025-08-21 11:22:17
Teste 301,200,0.31670331954956055,False,2025-08-21 11:22:17
Teste 403,Erro,,False,2025-08-21 11:22:18
Google,200,0.21111369132995605,False,2025-08-21 11:23:18
LinkedIn,200,0.3538651466369629,False,2025-08-21 11:23:24
Amazon,503,0.1936335563659668,True,2025-08-21 11:23:31
Globo,200,0.29688477516174316,False,2025-08-21 11:23:32
Teste 404,Erro,,False,2025-08-21 11:23:42
Teste 500,Erro,,False,2025-08-21 11:23:42
Teste 301,200,0.2570202350616455,False,2025-08-21 11:23:43
Teste 403,Erro,,False,2025-08-21 11:23:43
Google,200,0.3920578956604004,False,2025-08-21 11:24:43
LinkedIn,200,0.3113560676574707,False,2025-08-21 11:24:50
Amazon,503,0.19797539710998535,True,2025-08-21 11:24:56
Globo,200,0.25647854804992676,False,2025-08-21 11:24:58
Teste 404,Erro,,False,2025-08-21 11:25:15
Teste 500,Erro,,False,2025-08-21 11:25:15
Teste 301,200,0.3112940788269043,False,2025-08-21 11:25:15
Teste 403,Erro,,False,2025-08-21 11:25:15
Google,200,0.22078323364257812,False,2025-08-21 11:26:16
LinkedIn,200,0.3479909896850586,False,2025-08-21 11:26:22
Amazon,503,0.22397708892822266,True,2025-08-21 11:26:28
Globo,200,0.208909273147583,False,2025-08-21 11:26:30
Teste 404,Erro,,False,2025-08-21 11:26:41
Teste 500,Erro,,False,2025-08-21 11:26:41
Teste 301,200,0.21723461151123047,False,2025-08-21 11:26:42
Teste 403,Erro,,False,2025-08-21 11:26:42
Google,200,0.22527861595153809,False,2025-08-21 11:27:42
LinkedIn,200,0.34117817878723145,False,2025-08-21 11:27:48
Amazon,503,0.44633984565734863,True,2025-08-21 11:27:55
Globo,200,0.10885834693908691,False,2025-08-21 11:27:57
Teste 404,Erro,,False,2025-08-21 11:28:06
Teste 500,Erro,,False,2025-08-21 11:28:06
Teste 301,200,0.2074575424194336,False,2025-08-21 11:28:07
Teste 403,Erro,,False,2025-08-21 11:28:07
Google,200,0.20877647399902344,False,2025-08-21 11:29:07
LinkedIn,200,0.3324868679046631,False,2025-08-21 11:29:13
Amazon,503,0.22197771072387695,True,2025-08-21 11:29:20
Globo,200,0.22144079208374023,False,2025-08-21 11:29:21
Teste 404,Erro,,False,2025-08-21 11:29:31
Teste 500,Erro,,False,2025-08-21 11:29:31
Teste 301,200,0.2209789752960205,False,2025-08-21 11:29:32
Teste 403,Erro,,False,2025-08-21 11:29:32
Google,200,0.21496272087097168,False,2025-08-21 11:30:32
LinkedIn,200,0.35244250297546387,False,2025-08-21 11:30:38
Amazon,503,0.18350863456726074,True,2025-08-21 11:30:45
Globo,200,0.1669323444366455,False,2025-08-21 11:30:46
Teste 404,Erro,,False,2025-08-21 11:30:57
Teste 500,Erro,,False,2025-08-21 11:30:57
Teste 301,200,0.2571232318878174,False,2025-08-21 11:30:57
Teste 403,Erro,,False,2025-08-21 11:30:58
Google,200,0.18892765045166016,False,2025-08-21 11:31:58
LinkedIn,200,0.3711130619049072,False,2025-08-21 11:32:04
Amazon,503,0.21052241325378418,True,2025-08-21 11:32:10
Globo,200,0.18480968475341797,False,2025-08-21 11:32:12
Teste 404,Erro,,False,2025-08-21 11:32:21
Teste 500,Erro,,False,2025-08-21 11:32:21
Teste 301,200,0.2039649486541748,False,2025-08-21 11:32:21
Teste 403,Erro,,False,2025-08-21 11:32:22
Google,200,0.26865363121032715,False,2025-08-21 11:33:22
LinkedIn,200,0.8357691764831543,False,2025-08-21 11:33:28
Amazon,503,0.19631528854370117,True,2025-08-21 11:33:35
Globo,200,0.09625244140625,False,2025-08-21 11:33:37
Teste 404,Erro,,False,2025-08-21 11:33:47
Teste 500,Erro,,False,2025-08-21 11:33:47
Teste 301,200,0.3643791675567627,False,2025-08-21 11:33:48
Teste 403,Erro,,False,2025-08-21 11:33:48
Google,200,0.2058885097503662,False,2025-08-21 11:34:48
LinkedIn,200,0.42403626441955566,False,2025-08-21 11:34:54
Amazon,503,0.18793344497680664,True,2025-08-21 11:35:01
Globo,200,0.10595083236694336,False,2025-08-21 11:35:02
Teste 404,Erro,,False,2025-08-21 11:35:12
Teste 500,Erro,,False,2025-08-21 11:35:13
Teste 301,200,0.19809985160827637,False,2025-08-21 11:35:13
Teste 403,Erro,,False,2025-08-21 11:35:13
Google,200,0.26592230796813965,False,2025-08-21 11:36:14
LinkedIn,200,0.2761216163635254,False,2025-08-21 11:36:20
Amazon,503,0.18349814414978027,True,2025-08-21 11:36:26
Globo,200,0.2261803150177002,False,2025-08-21 11:36:28
Teste 404,Erro,,False,2025-08-21 11:36:42
Teste 500,Erro,,False,2025-08-21 11:36:43
Teste 301,200,0.25148582458496094,False,2025-08-21 11:36:43
Teste 403,Erro,,False,2025-08-21 11:36:43
Google,200,0.1852893829345703,False,2025-08-21 11:37:43
LinkedIn,200,0.4702467918395996,False,2025-08-21 11:37:49
Amazon,503,0.25858163833618164,True,2025-08-21 11:37:57
Globo,200,0.22054696083068848,False,2025-08-21 11:37:58
Teste 404,Erro,,False,2025-08-21 11:38:08
Teste 500,Erro,,False,2025-08-21 11:38:09
Teste 301,200,0.2108314037322998,False,2025-08-21 11:38:09
Teste 403,Erro,,False,2025-08-21 11:38:09
Google,200,0.29186296463012695,False,2025-08-21 11:39:10
LinkedIn,200,0.29901552200317383,False,2025-08-21 11:39:16
Amazon,503,0.1835176944732666,True,2025-08-21 11:39:22
Globo,200,0.22997713088989258,False,2025-08-21 11:39:23
Teste 404,Erro,,False,2025-08-21 11:39:36
Teste 500,Erro,,False,2025-08-21 11:39:36
Teste 301,200,0.3250274658203125,False,2025-08-21 11:39:36
Teste 403,Erro,,False,2025-08-21 11:39:37
Google,200,0.2012934684753418,False,2025-08-21 11:40:37
LinkedIn,200,0.31508541107177734,False,2025-08-21 11:40:43
Amazon,503,0.2092912197113037,True,2025-08-21 11:40:50
Globo,200,0.32890820503234863,False,2025-08-21 11:40:52
Teste 404,Erro,,False,2025-08-21 11:41:02
Teste 500,Erro,,False,2025-08-21 11:41:02
Teste 301,200,0.19713807106018066,False,2025-08-21 11:41:03
Teste 403,Erro,,False,2025-08-21 11:41:03
Google,200,0.2046184539794922,False,2025-08-21 11:42:03
LinkedIn,200,0.303788423538208,False,2025-08-21 11:42:09
Amazon,503,0.1912229061126709,True,2025-08-21 11:42:15
Globo,200,0.2288060188293457,False,2025-08-21 11:42:18
Teste 404,Erro,,False,2025-08-21 11:42:53
Teste 500,Erro,,False,2025-08-21 11:42:54
Teste 301,200,0.21794891357421875,False,2025-08-21 11:42:54
Teste 403,Erro,,False,2025-08-21 11:42:54
Google,200,0.222853422164917,False,2025-08-21 11:43:54
LinkedIn,200,0.4132394790649414,False,2025-08-21 11:44:01
Amazon,503,0.20548796653747559,True,2025-08-21 11:44:07
Globo,200,0.1184546947479248,False,2025-08-21 11:44:09
Teste 404,Erro,,False,2025-08-21 11:44:26
Teste 500,Erro,,False,2025-08-21 11:44:26
Teste 301,200,0.19907331466674805,False,2025-08-21 11:44:27
Teste 403,Erro,,False,2025-08-21 11:44:27
Google,200,0.20023632049560547,False,2025-08-21 11:45:27
LinkedIn,200,0.30133676528930664,False,2025-08-21 11:45:33
Amazon,503,0.196732759475708,True,2025-08-21 11:45:40
Globo,200,0.26745057106018066,False,2025-08-21 11:45:41
Teste 404,Erro,,False,2025-08-21 11:45:51
Teste 500,Erro,,False,2025-08-21 11:45:51
Teste 301,200,0.2928156852722168,False,2025-08-21 11:45:51
Teste 403,Erro,,False,2025-08-21 11:45:52
Google,200,0.19323348999023438,False,2025-08-21 11:46:52
LinkedIn,200,0.3874051570892334,False,2025-08-21 11:46:58
Amazon,503,0.17708134651184082,True,2025-08-21 11:47:04
Globo,200,0.1608583927154541,False,2025-08-21 11:47:06
Teste 404,Erro,,False,2025-08-21 11:47:16
Teste 500,Erro,,False,2025-08-21 11:47:17
Teste 301,200,0.23872661590576172,False,2025-08-21 11:47:17
Teste 403,Erro,,False,2025-08-21 11:47:17
Google,200,0.1963961124420166,False,2025-08-21 11:48:17
LinkedIn,200,0.6388802528381348,False,2025-08-21 11:48:23
Amazon,503,0.21658635139465332,True,2025-08-21 11:48:30
Globo,200,0.2635617256164551,False,2025-08-21 11:48:32
Teste 404,Erro,,False,2025-08-21 11:48:43
Teste 500,Erro,,False,2025-08-21 11:48:44
Teste 301,200,0.22739148139953613,False,2025-08-21 11:48:45
Teste 403,Erro,,False,2025-08-21 11:48:45
Google,200,0.20308828353881836,False,2025-08-21 11:49:45
LinkedIn,200,0.33530688285827637,False,2025-08-21 11:49:51
Amazon,503,0.40183329582214355,True,2025-08-21 11:49:58
Globo,200,0.11769652366638184,False,2025-08-21 11:50:00
Teste 404,Erro,,False,2025-08-21 11:50:05
Teste 500,Erro,,False,2025-08-21 11:50:05
Teste 301,200,0.21945643424987793,False,2025-08-21 11:50:06
Teste 403,Erro,,False,2025-08-21 11:50:06
Google,200,0.18181395530700684,False,2025-08-21 11:51:06
LinkedIn,200,0.35455942153930664,False,2025-08-21 11:51:12
Amazon,503,0.2361438274383545,True,2025-08-21 11:51:19
Globo,200,0.3208644390106201,False,2025-08-21 11:51:21
Teste 404,Erro,,False,2025-08-21 11:51:31
Teste 500,Erro,,False,2025-08-21 11:51:31
Teste 301,200,0.19390177726745605,False,2025-08-21 11:51:32
Teste 403,Erro,,False,2025-08-21 11:51:32
Google,200,0.18572473526000977,False,2025-08-21 11:52:32
LinkedIn,200,0.30813097953796387,False,2025-08-21 11:52:38
Amazon,503,0.19434523582458496,True,2025-08-21 11:52:45
Globo,200,0.12116789817810059,False,2025-08-21 11:52:47
Teste 404,Erro,,False,2025-08-21 11:52:59
Teste 500,Erro,,False,2025-08-21 11:52:59
Teste 301,200,0.20131468772888184,False,2025-08-21 11:52:59
Teste 403,Erro,,False,2025-08-21 11:53:00
Google,200,0.2151179313659668,False,2025-08-21 11:54:00
LinkedIn,200,0.4053361415863037,False,2025-08-21 11:54:06
Amazon,503,0.2401256561279297,True,2025-08-21 11:54:13
Globo,200,0.12233281135559082,False,2025-08-21 11:54:15
Teste 404,Erro,,False,2025-08-21 11:54:26
Teste 500,Erro,,False,2025-08-21 11:54:27
Teste 301,200,0.19949793815612793,False,2025-08-21 11:54:27
Teste 403,Erro,,False,2025-08-21 11:54:27
Google,200,0.18795228004455566,False,2025-08-21 11:55:28
LinkedIn,200,0.2975132465362549,False,2025-08-21 11:55:34
Amazon,503,0.1874072551727295,True,2025-08-21 11:55:40
Globo,200,0.3321242332458496,False,2025-08-21 11:55:42
Teste 404,Erro,,False,2025-08-21 11:55:56
Teste 500,Erro,,False,2025-08-21 11:55:56
Teste 301,200,0.19754910469055176,False,2025-08-21 11:55:57
Teste 403,Erro,,False,2025-08-21 11:55:57
Google,200,0.23508691787719727,False,2025-08-21 11:56:57
LinkedIn,200,0.4739086627960205,False,2025-08-21 11:57:03
Amazon,503,0.21909880638122559,True,2025-08-21 11:57:10
Globo,200,0.13353562355041504,False,2025-08-21 11:57:12
Teste 404,Erro,,False,2025-08-21 11:57:22
Teste 500,Erro,,False,2025-08-21 11:57:23
Teste 301,200,0.21747231483459473,False,2025-08-21 11:57:23
Teste 403,Erro,,False,2025-08-21 11:57:23
Google,200,0.20188593864440918,False,2025-08-21 11:58:24
LinkedIn,200,0.40349602699279785,False,2025-08-21 11:58:30
Amazon,503,0.18389320373535156,True,2025-08-21 11:58:36
Globo,200,0.23377680778503418,False,2025-08-21 11:58:37
Teste 404,Erro,,False,2025-08-21 11:58:47
Teste 500,Erro,,False,2025-08-21 11:58:48
Teste 301,200,0.23222112655639648,False,2025-08-21 11:58:48
Teste 403,Erro,,False,2025-08-21 11:58:48
Google,200,0.20670771598815918,False,2025-08-21 11:59:48
LinkedIn,200,0.37776803970336914,False,2025-08-21 11:59:54
Amazon,503,0.5586743354797363,True,2025-08-21 12:00:01
Globo,200,0.16323566436767578,False,2025-08-21 12:00:03
Teste 404,Erro,,False,2025-08-21 12:00:13
Teste 500,Erro,,False,2025-08-21 12:00:13
Teste 301,200,0.25251340866088867,False,2025-08-21 12:00:14
Teste 403,Erro,,False,2025-08-21 12:00:14
Google,200,0.21193838119506836,False,2025-08-21 12:01:14
LinkedIn,200,0.33094191551208496,False,2025-08-21 12:01:20
Amazon,503,0.19309377670288086,True,2025-08-21 12:01:27
Globo,200,0.29701805114746094,False,2025-08-21 12:01:29
Teste 404,Erro,,False,2025-08-21 12:01:39
Teste 500,Erro,,False,2025-08-21 12:01:39
Teste 301,200,0.1956920623779297,False,2025-08-21 12:01:39
Teste 403,Erro,,False,2025-08-21 12:01:39
Google,200,0.23566460609436035,False,2025-08-21 12:02:40
LinkedIn,200,0.3301205635070801,False,2025-08-21 12:02:46
Amazon,503,0.23435020446777344,True,2025-08-21 12:02:52
Globo,200,0.17072319984436035,False,2025-08-21 12:02:54
Teste 404,Erro,,False,2025-08-21 12:03:04
Teste 500,Erro,,False,2025-08-21 12:03:04
Teste 301,200,0.24226140975952148,False,2025-08-21 12:03:05
Teste 403,Erro,,False,2025-08-21 12:03:05
Google,200,0.2089979648590088,False,2025-08-21 12:04:05
LinkedIn,200,0.3350508213043213,False,2025-08-21 12:04:11
Amazon,503,0.18155479431152344,True,2025-08-21 12:04:17
Globo,200,0.14316797256469727,False,2025-08-21 12:04:19
Teste 404,Erro,,False,2025-08-21 12:04:29
Teste 500,Erro,,False,2025-08-21 12:04:29
Teste 301,200,0.2195272445678711,False,2025-08-21 12:04:30
Teste 403,Erro,,False,2025-08-21 12:04:30
Google,200,0.20642399787902832,False,2025-08-21 12:05:30
LinkedIn,200,0.393308162689209,False,2025-08-21 12:05:36
Amazon,503,0.18158459663391113,True,2025-08-21 12:05:43
Globo,200,0.1100912094116211,False,2025-08-21 12:05:44
Teste 404,Erro,,False,2025-08-21 12:05:55
Teste 500,Erro,,False,2025-08-21 12:05:55
Teste 301,200,0.20948171615600586,False,2025-08-21 12:05:55
Teste 403,Erro,,False,2025-08-21 12:05:55
Google,200,0.20321035385131836,False,2025-08-21 12:06:56
LinkedIn,200,0.392711877822876,False,2025-08-21 12:07:02
Amazon,503,0.20568394660949707,True,2025-08-21 12:07:08
Globo,200,0.20383787155151367,False,2025-08-21 12:07:10
Teste 404,Erro,,False,2025-08-21 12:07:20
Teste 500,Erro,,False,2025-08-21 12:07:21
Teste 301,200,0.21820330619812012,False,2025-08-21 12:07:21
Teste 403,Erro,,False,2025-08-21 12:07:21
Google,200,0.2474353313446045,False,2025-08-21 12:08:22
LinkedIn,200,0.33579182624816895,False,2025-08-21 12:08:28
Amazon,503,0.1955580711364746,True,2025-08-21 12:08:34
Globo,200,0.15439081192016602,False,2025-08-21 12:08:36
Teste 404,Erro,,False,2025-08-21 12:08:47
Teste 500,Erro,,False,2025-08-21 12:08:47
Teste 301,200,0.21591830253601074,False,2025-08-21 12:08:47
Teste 403,Erro,,False,2025-08-21 12:08:48
Google,200,0.19243741035461426,False,2025-08-21 12:09:48
LinkedIn,200,0.33833861351013184,False,2025-08-21 12:09:54
Amazon,503,0.2352433204650879,True,2025-08-21 12:10:00
Globo,200,0.17313456535339355,False,2025-08-21 12:10:02
Teste 404,Erro,,False,2025-08-21 12:10:12
Teste 500,Erro,,False,2025-08-21 12:10:12
Teste 301,200,0.20167136192321777,False,2025-08-21 12:10:12
Teste 403,Erro,,False,2025-08-21 12:10:12
Google,200,0.19932222366333008,False,2025-08-21 12:11:13
LinkedIn,200,0.28575921058654785,False,2025-08-21 12:11:19
Amazon,503,0.26467037200927734,True,2025-08-21 12:11:25
Globo,200,0.22189116477966309,False,2025-08-21 12:11:27
Teste 404,Erro,,False,2025-08-21 12:11:36
Teste 500,Erro,,False,2025-08-21 12:11:37
Teste 301,200,0.20887970924377441,False,2025-08-21 12:11:37
Teste 403,Erro,,False,2025-08-21 12:11:37
Google,200,0.18394899368286133,False,2025-08-21 12:12:38
LinkedIn,200,0.38909220695495605,False,2025-08-21 12:12:44
Amazon,503,0.18340659141540527,True,2025-08-21 12:12:50
Globo,200,0.21119022369384766,False,2025-08-21 12:12:51
Teste 404,Erro,,False,2025-08-21 12:13:01
Teste 500,Erro,,False,2025-08-21 12:13:02
Teste 301,200,0.20896029472351074,False,2025-08-21 12:13:02
Teste 403,Erro,,False,2025-08-21 12:13:02
Google,200,0.21828436851501465,False,2025-08-21 12:14:03
LinkedIn,200,0.29846739768981934,False,2025-08-21 12:14:09
Amazon,503,0.528439998626709,True,2025-08-21 12:14:15
Globo,200,0.18672418594360352,False,2025-08-21 12:14:17
Teste 404,Erro,,False,2025-08-21 12:14:27
Teste 500,Erro,,False,2025-08-21 12:14:27
Teste 301,200,0.19557976722717285,False,2025-08-21 12:14:28
Teste 403,Erro,,False,2025-08-21 12:14:28
Google,200,0.17644810676574707,False,2025-08-21 12:15:28
LinkedIn,200,0.3564283847808838,False,2025-08-21 12:15:34
Amazon,503,0.19485974311828613,True,2025-08-21 12:15:41
Globo,200,0.265392541885376,False,2025-08-21 12:15:42
Teste 404,Erro,,False,2025-08-21 12:15:59
Teste 500,Erro,,False,2025-08-21 12:16:00
Teste 301,200,0.23784470558166504,False,2025-08-21 12:16:00
Teste 403,Erro,,False,2025-08-21 12:16:00
Google,200,0.20365214347839355,False,2025-08-21 12:17:00
LinkedIn,200,0.3939948081970215,False,2025-08-21 12:17:07
Amazon,503,0.2035350799560547,True,2025-08-21 12:17:13
Globo,200,0.12488222122192383,False,2025-08-21 12:17:15
Teste 404,Erro,,False,2025-08-21 12:17:25
Teste 500,Erro,,False,2025-08-21 12:17:25
Teste 301,200,0.1943504810333252,False,2025-08-21 12:17:26
Teste 403,Erro,,False,2025-08-21 12:17:26
Google,200,0.23868179321289062,False,2025-08-21 12:18:26
LinkedIn,200,0.34302520751953125,False,2025-08-21 12:18:32
Amazon,503,0.1957089900970459,True,2025-08-21 12:18:38
Globo,200,0.13121533393859863,False,2025-08-21 12:18:40
Teste 404,Erro,,False,2025-08-21 12:18:50
Teste 500,Erro,,False,2025-08-21 12:18:51
Teste 301,200,0.1978011131286621,False,2025-08-21 12:18:51
Teste 403,Erro,,False,2025-08-21 12:18:51
Google,200,0.20836853981018066,False,2025-08-21 12:19:51
LinkedIn,200,0.36878299713134766,False,2025-08-21 12:19:57
Amazon,503,0.18722152709960938,True,2025-08-21 12:20:04
Globo,200,0.34259772300720215,False,2025-08-21 12:20:05
Teste 404,Erro,,False,2025-08-21 12:20:16
Teste 500,Erro,,False,2025-08-21 12:20:16
Teste 301,200,0.19881296157836914,False,2025-08-21 12:20:16
Teste 403,Erro,,False,2025-08-21 12:20:17
Google,200,0.25431156158447266,False,2025-08-21 12:21:17
LinkedIn,200,0.31964683532714844,False,2025-08-21 12:21:23
Amazon,503,0.18625473976135254,True,2025-08-21 12:21:30
Globo,200,0.11856293678283691,False,2025-08-21 12:21:31
Teste 404,Erro,,False,2025-08-21 12:21:41
Teste 500,Erro,,False,2025-08-21 12:21:42
Teste 301,200,0.19533610343933105,False,2025-08-21 12:21:42
Teste 403,Erro,,False,2025-08-21 12:21:42
Google,200,0.19731378555297852,False,2025-08-21 12:22:43
LinkedIn,200,0.3298158645629883,False,2025-08-21 12:22:49
Amazon,503,0.2260596752166748,True,2025-08-21 12:22:55
Globo,200,0.3257572650909424,False,2025-08-21 12:22:57
Teste 404,Erro,,False,2025-08-21 12:23:07
Teste 500,Erro,,False,2025-08-21 12:23:07
Teste 301,200,0.2015678882598877,False,2025-08-21 12:23:07
Teste 403,Erro,,False,2025-08-21 12:23:08
Google,200,0.19674921035766602,False,2025-08-21 12:24:08
LinkedIn,200,0.3609275817871094,False,2025-08-21 12:24:14
Amazon,503,0.5217270851135254,True,2025-08-21 12:24:20
Globo,200,0.13562250137329102,False,2025-08-21 12:24:23
Teste 404,Erro,,False,2025-08-21 12:24:32
Teste 500,Erro,,False,2025-08-21 12:24:33
Teste 301,200,0.21924304962158203,False,2025-08-21 12:24:33
Teste 403,Erro,,False,2025-08-21 12:24:33
Google,200,0.19890332221984863,False,2025-08-21 12:25:34
LinkedIn,200,0.4444246292114258,False,2025-08-21 12:25:40
Amazon,503,0.4114060401916504,True,2025-08-21 12:25:46
Globo,200,0.15765762329101562,False,2025-08-21 12:25:49
Teste 404,Erro,,False,2025-08-21 12:25:59
Teste 500,Erro,,False,2025-08-21 12:26:00
Teste 301,200,0.21186304092407227,False,2025-08-21 12:26:00
Teste 403,Erro,,False,2025-08-21 12:26:00
Google,200,0.2564716339111328,False,2025-08-21 12:27:01
LinkedIn,200,0.37522125244140625,False,2025-08-21 12:27:07
Amazon,503,0.19824433326721191,True,2025-08-21 12:27:13
Globo,200,0.18988776206970215,False,2025-08-21 12:27:15
Teste 404,Erro,,False,2025-08-21 12:27:24
Teste 500,Erro,,False,2025-08-21 12:27:25
Teste 301,200,0.19685673713684082,False,2025-08-21 12:27:25
Teste 403,Erro,,False,2025-08-21 12:27:25
Google,200,0.1752011775970459,False,2025-08-21 12:28:26
LinkedIn,200,0.34694910049438477,False,2025-08-21 12:28:32
Amazon,503,0.1874103546142578,True,2025-08-21 12:28:38
Globo,200,0.1136314868927002,False,2025-08-21 12:28:40
Teste 404,Erro,,False,2025-08-21 12:28:49
Teste 500,Erro,,False,2025-08-21 12:28:50
Teste 301,200,0.1979227066040039,False,2025-08-21 12:28:50
Teste 403,Erro,,False,2025-08-21 12:28:50
Google,200,0.1928119659423828,False,2025-08-21 12:29:51
LinkedIn,200,0.4047985076904297,False,2025-08-21 12:29:57
Amazon,503,0.21257781982421875,True,2025-08-21 12:30:03
Globo,200,0.12188196182250977,False,2025-08-21 12:30:05
Teste 404,Erro,,False,2025-08-21 12:30:15
Teste 500,Erro,,False,2025-08-21 12:30:15
Teste 301,200,0.19790410995483398,False,2025-08-21 12:30:15
Teste 403,Erro,,False,2025-08-21 12:30:15
Google,200,0.21545696258544922,False,2025-08-21 12:31:16
LinkedIn,200,0.5614521503448486,False,2025-08-21 12:31:22
Amazon,503,0.28964900970458984,True,2025-08-21 12:31:29
Globo,200,0.29992079734802246,False,2025-08-21 12:31:31
Teste 404,Erro,,False,2025-08-21 12:31:41
Teste 500,Erro,,False,2025-08-21 12:31:42
Teste 301,200,0.203721284866333,False,2025-08-21 12:31:42
Teste 403,Erro,,False,2025-08-21 12:31:42
Google,200,0.2617921829223633,False,2025-08-21 12:32:43
LinkedIn,200,0.5186684131622314,False,2025-08-21 12:32:49
Amazon,503,0.40499329566955566,True,2025-08-21 12:32:55
Globo,200,0.16835641860961914,False,2025-08-21 12:32:57
Teste 404,Erro,,False,2025-08-21 12:33:03
Teste 500,Erro,,False,2025-08-21 12:33:04
Teste 301,200,0.21062040328979492,False,2025-08-21 12:33:04
Teste 403,Erro,,False,2025-08-21 12:33:04
Google,200,0.18796658515930176,False,2025-08-21 12:34:04
LinkedIn,200,0.3080484867095947,False,2025-08-21 12:34:10
Amazon,503,0.40579843521118164,True,2025-08-21 12:34:17
Globo,200,0.11439251899719238,False,2025-08-21 12:34:19
Teste 404,Erro,,False,2025-08-21 12:34:29
Teste 500,Erro,,False,2025-08-21 12:34:29
Teste 301,200,0.22008514404296875,False,2025-08-21 12:34:29
Teste 403,Erro,,False,2025-08-21 12:34:30
Google,200,0.18974566459655762,False,2025-08-21 12:35:30
LinkedIn,200,0.3033897876739502,False,2025-08-21 12:35:36
Amazon,503,0.18761825561523438,True,2025-08-21 12:35:42
Globo,200,0.19336628913879395,False,2025-08-21 12:35:44
Teste 404,Erro,,False,2025-08-21 12:35:54
Teste 500,Erro,,False,2025-08-21 12:35:54
Teste 301,200,0.20004701614379883,False,2025-08-21 12:35:55
Teste 403,Erro,,False,2025-08-21 12:35:55
Google,200,0.19850945472717285,False,2025-08-21 12:36:55
LinkedIn,200,0.3682084083557129,False,2025-08-21 12:37:01
Amazon,503,0.2134244441986084,True,2025-08-21 12:37:08
Globo,200,0.16697454452514648,False,2025-08-21 12:37:10
Teste 404,Erro,,False,2025-08-21 12:37:20
Teste 500,Erro,,False,2025-08-21 12:37:21
Teste 301,200,0.2002556324005127,False,2025-08-21 12:37:22
Teste 403,Erro,,False,2025-08-21 12:37:22
Google,200,0.21584296226501465,False,2025-08-21 12:38:22
LinkedIn,200,0.33889102935791016,False,2025-08-21 12:38:28
Amazon,503,0.5536818504333496,True,2025-08-21 12:38:35
Globo,200,0.17330098152160645,False,2025-08-21 12:38:37
Teste 404,Erro,,False,2025-08-21 12:38:54
Teste 500,Erro,,False,2025-08-21 12:38:55
Teste 301,200,0.20559906959533691,False,2025-08-21 12:38:55
Teste 403,Erro,,False,2025-08-21 12:38:55
Google,200,0.17998957633972168,False,2025-08-21 12:39:55
LinkedIn,200,0.4192311763763428,False,2025-08-21 12:40:02
Amazon,503,0.22524309158325195,True,2025-08-21 12:40:08
Globo,200,0.24340271949768066,False,2025-08-21 12:40:10
Teste 404,Erro,,False,2025-08-21 12:40:23
Teste 500,Erro,,False,2025-08-21 12:40:24
Teste 301,200,0.3990185260772705,False,2025-08-21 12:40:24
Teste 403,Erro,,False,2025-08-21 12:40:24
Google,200,0.2768888473510742,False,2025-08-21 12:41:25
LinkedIn,200,0.40911126136779785,False,2025-08-21 12:41:31
Amazon,503,0.19919395446777344,True,2025-08-21 12:41:37
Globo,200,0.21918964385986328,False,2025-08-21 12:41:39
Teste 404,Erro,,False,2025-08-21 12:41:49
Teste 500,Erro,,False,2025-08-21 12:41:49
Teste 301,200,0.33200550079345703,False,2025-08-21 12:41:50
Teste 403,Erro,,False,2025-08-21 12:41:50
Google,200,0.19008159637451172,False,2025-08-21 12:42:50
LinkedIn,200,0.44654417037963867,False,2025-08-21 12:42:56
Amazon,503,0.4418807029724121,True,2025-08-21 12:43:03
Globo,200,0.22100067138671875,False,2025-08-21 12:43:04
Teste 404,Erro,,False,2025-08-21 12:43:14
Teste 500,Erro,,False,2025-08-21 12:43:14
Teste 301,200,0.19731998443603516,False,2025-08-21 12:43:15
Teste 403,Erro,,False,2025-08-21 12:43:15
Google,200,0.21054768562316895,False,2025-08-21 12:44:15
LinkedIn,200,0.4445517063140869,False,2025-08-21 12:44:21
Amazon,503,0.19053006172180176,True,2025-08-21 12:44:28
Globo,200,0.23180770874023438,False,2025-08-21 12:44:31
Teste 404,Erro,,False,2025-08-21 12:44:41
Teste 500,Erro,,False,2025-08-21 12:44:41
Teste 301,200,0.19376921653747559,False,2025-08-21 12:44:41
Teste 403,Erro,,False,2025-08-21 12:44:42
Google,200,0.2053842544555664,False,2025-08-21 12:45:42
LinkedIn,200,0.3251383304595947,False,2025-08-21 12:45:48
Amazon,503,0.22394704818725586,True,2025-08-21 12:45:54
Globo,200,0.21822762489318848,False,2025-08-21 12:45:57
Teste 404,Erro,,False,2025-08-21 12:46:11
Teste 500,Erro,,False,2025-08-21 12:46:11
Teste 301,200,0.27342844009399414,False,2025-08-21 12:46:11
Teste 403,Erro,,False,2025-08-21 12:46:11
Google,200,0.23529767990112305,False,2025-08-21 12:47:12
LinkedIn,200,0.3385913372039795,False,2025-08-21 12:47:18
Amazon,503,0.22178244590759277,True,2025-08-21 12:47:24
Globo,200,0.13481569290161133,False,2025-08-21 12:47:26
Teste 404,Erro,,False,2025-08-21 12:47:36
Teste 500,Erro,,False,2025-08-21 12:47:36
Teste 301,200,0.2062397003173828,False,2025-08-21 12:47:36
Teste 403,Erro,,False,2025-08-21 12:47:37
Google,200,0.1929640769958496,False,2025-08-21 12:48:37
LinkedIn,200,0.2978348731994629,False,2025-08-21 12:48:43
Amazon,503,0.18840575218200684,True,2025-08-21 12:48:50
Globo,200,0.1496901512145996,False,2025-08-21 12:48:51
Teste 404,Erro,,False,2025-08-21 12:48:57
Teste 500,Erro,,False,2025-08-21 12:48:58
Teste 301,200,0.23978757858276367,False,2025-08-21 12:48:58
Teste 403,Erro,,False,2025-08-21 12:48:58
Google,200,0.18412184715270996,False,2025-08-21 12:49:59
LinkedIn,200,0.3792586326599121,False,2025-08-21 12:50:05
Amazon,503,0.40964508056640625,True,2025-08-21 12:50:11
Globo,200,0.3028371334075928,False,2025-08-21 12:50:13
Teste 404,Erro,,False,2025-08-21 12:50:29
Teste 500,Erro,,False,2025-08-21 12:50:29
Teste 301,200,0.2257547378540039,False,2025-08-21 12:50:29
Teste 403,Erro,,False,2025-08-21 12:50:30
Google,200,0.21489191055297852,False,2025-08-21 12:51:30
LinkedIn,200,0.28118276596069336,False,2025-08-21 12:51:36
Amazon,503,0.183610200881958,True,2025-08-21 12:51:42
Globo,200,0.17722344398498535,False,2025-08-21 12:51:44
Teste 404,Erro,,False,2025-08-21 12:51:54
Teste 500,Erro,,False,2025-08-21 12:51:54
Teste 301,200,0.2075507640838623,False,2025-08-21 12:51:55
Teste 403,Erro,,False,2025-08-21 12:51:55
Google,200,0.20939111709594727,False,2025-08-21 12:52:55
LinkedIn,200,0.3658623695373535,False,2025-08-21 12:53:01
Amazon,503,0.22058343887329102,True,2025-08-21 12:53:08
Globo,200,0.1681656837463379,False,2025-08-21 12:53:10
Teste 404,Erro,,False,2025-08-21 12:53:19
Teste 500,403,0.662466287612915,False,2025-08-21 12:53:19
Teste 301,200,0.19878721237182617,False,2025-08-21 12:53:20
Teste 403,Erro,,False,2025-08-21 12:53:20
Google,200,0.21562504768371582,False,2025-08-21 12:54:20
LinkedIn,200,0.3280510902404785,False,2025-08-21 12:54:26
Amazon,503,0.22856998443603516,True,2025-08-21 12:54:33
Globo,200,0.15398502349853516,False,2025-08-21 12:54:34
Teste 404,Erro,,False,2025-08-21 12:54:44
Teste 500,Erro,,False,2025-08-21 12:54:45
Teste 301,200,0.2010359764099121,False,2025-08-21 12:54:45
Teste 403,Erro,,False,2025-08-21 12:54:45
Google,200,0.23196792602539062,False,2025-08-21 12:55:46
LinkedIn,200,0.3288736343383789,False,2025-08-21 12:55:52
Amazon,503,0.2567300796508789,True,2025-08-21 12:55:58
Globo,200,0.1934189796447754,False,2025-08-21 12:55:59
Teste 404,Erro,,False,2025-08-21 12:56:09
Teste 500,Erro,,False,2025-08-21 12:56:10
Teste 301,200,0.19324803352355957,False,2025-08-21 12:56:10
Teste 403,Erro,,False,2025-08-21 12:56:10
Google,200,0.1987617015838623,False,2025-08-21 12:57:10
LinkedIn,200,0.40953969955444336,False,2025-08-21 12:57:16
Amazon,503,0.19421625137329102,True,2025-08-21 12:57:23
Globo,200,0.14476323127746582,False,2025-08-21 12:57:25
Teste 404,Erro,,False,2025-08-21 12:57:35
Teste 500,Erro,,False,2025-08-21 12:57:35
Teste 301,200,0.21709394454956055,False,2025-08-21 12:57:36
Teste 403,Erro,,False,2025-08-21 12:57:36
Google,200,0.19972610473632812,False,2025-08-21 12:58:36
LinkedIn,200,0.3566269874572754,False,2025-08-21 12:58:42
Amazon,503,0.24065923690795898,True,2025-08-21 12:58:48
Globo,200,0.14880752563476562,False,2025-08-21 12:58:50
Teste 404,Erro,,False,2025-08-21 12:59:00
Teste 500,Erro,,False,2025-08-21 12:59:01
Teste 301,200,0.21818971633911133,False,2025-08-21 12:59:01
Teste 403,Erro,,False,2025-08-21 12:59:01
Google,200,0.2515406608581543,False,2025-08-21 13:00:02
LinkedIn,200,0.3090643882751465,False,2025-08-21 13:00:08
Amazon,503,0.18654608726501465,True,2025-08-21 13:00:14
Globo,200,0.2488865852355957,False,2025-08-21 13:00:16
Teste 404,Erro,,False,2025-08-21 13:00:26
Teste 500,Erro,,False,2025-08-21 13:00:26
Teste 301,200,0.2064652442932129,False,2025-08-21 13:00:27
Teste 403,Erro,,False,2025-08-21 13:00:27
Google,200,0.22695374488830566,False,2025-08-21 13:01:27
LinkedIn,200,0.5363919734954834,False,2025-08-21 13:01:33
Amazon,503,0.18427324295043945,True,2025-08-21 13:01:40
Globo,200,0.23401522636413574,False,2025-08-21 13:01:42
Teste 404,Erro,,False,2025-08-21 13:01:56
Teste 500,Erro,,False,2025-08-21 13:01:56
Teste 301,200,0.24038100242614746,False,2025-08-21 13:01:57
Teste 403,Erro,,False,2025-08-21 13:01:57
Google,200,0.25261712074279785,False,2025-08-21 13:02:57
LinkedIn,200,0.37429285049438477,False,2025-08-21 13:03:03
Amazon,503,0.2226426601409912,True,2025-08-21 13:03:10
Globo,200,0.3338625431060791,False,2025-08-21 13:03:12
Teste 404,Erro,,False,2025-08-21 13:03:22
Teste 500,Erro,,False,2025-08-21 13:03:22
Teste 301,200,0.20447230339050293,False,2025-08-21 13:03:22
Teste 403,Erro,,False,2025-08-21 13:03:23
Google,200,0.20929884910583496,False,2025-08-21 13:04:23
LinkedIn,200,0.4905509948730469,False,2025-08-21 13:04:29
Amazon,503,0.18214654922485352,True,2025-08-21 13:04:35
Globo,200,0.15523123741149902,False,2025-08-21 13:04:37
Teste 404,Erro,,False,2025-08-21 13:04:47
Teste 500,Erro,,False,2025-08-21 13:04:47
Teste 301,200,0.19873976707458496,False,2025-08-21 13:04:48
Teste 403,Erro,,False,2025-08-21 13:04:48
Google,200,0.19484233856201172,False,2025-08-21 13:05:49
LinkedIn,200,0.3292415142059326,False,2025-08-21 13:05:55
Amazon,503,0.20305418968200684,True,2025-08-21 13:06:01
Globo,200,0.28189826011657715,False,2025-08-21 13:06:03
Teste 404,Erro,,False,2025-08-21 13:06:15
Teste 500,Erro,,False,2025-08-21 13:06:15
Teste 301,200,0.21897149085998535,False,2025-08-21 13:06:15
Teste 403,Erro,,False,2025-08-21 13:06:16
Google,200,0.18533039093017578,False,2025-08-21 13:07:16
LinkedIn,200,0.4259788990020752,False,2025-08-21 13:07:22
Amazon,503,0.2201404571533203,True,2025-08-21 13:07:28
Globo,200,0.14081621170043945,False,2025-08-21 13:07:30
Teste 404,Erro,,False,2025-08-21 13:07:40
Teste 500,Erro,,False,2025-08-21 13:07:40
Teste 301,200,0.19922232627868652,False,2025-08-21 13:07:41
Teste 403,Erro,,False,2025-08-21 13:07:41
Google,200,0.22550296783447266,False,2025-08-21 13:08:41
LinkedIn,200,0.3214261531829834,False,2025-08-21 13:08:47
Amazon,503,0.41352176666259766,True,2025-08-21 13:08:54
Globo,200,0.27091002464294434,False,2025-08-21 13:08:56
Teste 404,Erro,,False,2025-08-21 13:09:06
Teste 500,Erro,,False,2025-08-21 13:09:06
Teste 301,200,0.21979546546936035,False,2025-08-21 13:09:06
Teste 403,Erro,,False,2025-08-21 13:09:07
Google,200,0.22827386856079102,False,2025-08-21 13:10:07
LinkedIn,200,0.3138866424560547,False,2025-08-21 13:10:13
Amazon,503,0.2044677734375,True,2025-08-21 13:10:19
Globo,200,0.1739058494567871,False,2025-08-21 13:10:21
Teste 404,Erro,,False,2025-08-21 13:10:31
Teste 500,Erro,,False,2025-08-21 13:10:31
Teste 301,200,0.1986546516418457,False,2025-08-21 13:10:32
Teste 403,Erro,,False,2025-08-21 13:10:32
Google,200,0.18109965324401855,False,2025-08-21 13:11:32
LinkedIn,200,0.3195488452911377,False,2025-08-21 13:11:38
Amazon,503,0.20145893096923828,True,2025-08-21 13:11:45
Globo,200,0.2660965919494629,False,2025-08-21 13:11:47
Teste 404,Erro,,False,2025-08-21 13:11:56
Teste 500,Erro,,False,2025-08-21 13:11:57
Teste 301,200,0.23583436012268066,False,2025-08-21 13:11:57
Teste 403,Erro,,False,2025-08-21 13:11:57
Google,200,0.2216806411743164,False,2025-08-21 13:12:58
LinkedIn,200,0.3188304901123047,False,2025-08-21 13:13:04
Amazon,503,0.19508838653564453,True,2025-08-21 13:13:10
Globo,200,0.15900063514709473,False,2025-08-21 13:13:12
Teste 404,Erro,,False,2025-08-21 13:13:22
Teste 500,Erro,,False,2025-08-21 13:13:22
Teste 301,200,0.1997969150543213,False,2025-08-21 13:13:23
Teste 403,Erro,,False,2025-08-21 13:13:23
Google,200,0.21399974822998047,False,2025-08-21 13:14:23
LinkedIn,200,0.2971494197845459,False,2025-08-21 13:14:29
Amazon,503,0.2391376495361328,True,2025-08-21 13:14:35
Globo,200,0.19394826889038086,False,2025-08-21 13:14:37
Teste 404,Erro,,False,2025-08-21 13:14:43
Teste 500,Erro,,False,2025-08-21 13:14:43
Teste 301,200,0.20213055610656738,False,2025-08-21 13:14:43
Teste 403,Erro,,False,2025-08-21 13:14:43
Google,200,0.26107025146484375,False,2025-08-21 13:15:44
LinkedIn,200,0.39757370948791504,False,2025-08-21 13:15:50
Amazon,503,0.19023966789245605,True,2025-08-21 13:15:56
Globo,200,0.26445722579956055,False,2025-08-21 13:15:58
Teste 404,Erro,,False,2025-08-21 13:16:10
Teste 500,Erro,,False,2025-08-21 13:16:10
Teste 301,200,0.20116186141967773,False,2025-08-21 13:16:10
Teste 403,Erro,,False,2025-08-21 13:16:11
Google,200,0.20436954498291016,False,2025-08-21 13:17:11
LinkedIn,200,0.3353455066680908,False,2025-08-21 13:17:17
Amazon,503,0.22155117988586426,True,2025-08-21 13:17:23
Globo,200,0.14737701416015625,False,2025-08-21 13:17:25
Teste 404,Erro,,False,2025-08-21 13:17:35
Teste 500,Erro,,False,2025-08-21 13:17:35
Teste 301,200,0.286266565322876,False,2025-08-21 13:17:35
Teste 403,Erro,,False,2025-08-21 13:17:36
Google,200,0.2251601219177246,False,2025-08-21 13:18:36
LinkedIn,200,0.32568883895874023,False,2025-08-21 13:18:42
Amazon,503,0.20727825164794922,True,2025-08-21 13:18:48
Globo,200,0.16979384422302246,False,2025-08-21 13:18:50
Teste 404,Erro,,False,2025-08-21 13:19:00
Teste 500,Erro,,False,2025-08-21 13:19:01
Teste 301,200,0.19195008277893066,False,2025-08-21 13:19:01
Teste 403,Erro,,False,2025-08-21 13:19:01
Google,200,0.21837806701660156,False,2025-08-21 13:20:01
LinkedIn,200,0.3669917583465576,False,2025-08-21 13:20:08
Amazon,503,0.18900156021118164,True,2025-08-21 13:20:14
Globo,200,0.1448361873626709,False,2025-08-21 13:20:16
Teste 404,Erro,,False,2025-08-21 13:20:26
Teste 500,Erro,,False,2025-08-21 13:20:26
Teste 301,200,0.23331713676452637,False,2025-08-21 13:20:26
Teste 403,Erro,,False,2025-08-21 13:20:26
Google,200,0.22276639938354492,False,2025-08-21 13:21:27
LinkedIn,200,0.4007852077484131,False,2025-08-21 13:21:33
Amazon,503,0.19729852676391602,True,2025-08-21 13:21:39
Globo,200,0.21108317375183105,False,2025-08-21 13:21:41
Teste 404,Erro,,False,2025-08-21 13:21:51
Teste 500,Erro,,False,2025-08-21 13:21:52
Teste 301,200,0.2052314281463623,False,2025-08-21 13:21:52
Teste 403,Erro,,False,2025-08-21 13:21:52
Google,200,0.2517068386077881,False,2025-08-21 13:22:52
LinkedIn,200,0.4876694679260254,False,2025-08-21 13:22:59
Amazon,503,0.3063240051269531,True,2025-08-21 13:23:05
Globo,200,0.16704392433166504,False,2025-08-21 13:23:07
Teste 404,Erro,,False,2025-08-21 13:23:17
Teste 500,Erro,,False,2025-08-21 13:23:18
Teste 301,200,0.23294329643249512,False,2025-08-21 13:23:18
Teste 403,Erro,,False,2025-08-21 13:23:18
Google,200,0.1858675479888916,False,2025-08-21 13:24:19
LinkedIn,200,0.3824794292449951,False,2025-08-21 13:24:25
Amazon,503,0.2558298110961914,True,2025-08-21 13:24:31
Globo,200,0.2287149429321289,False,2025-08-21 13:24:33
Teste 404,Erro,,False,2025-08-21 13:24:44
Teste 500,Erro,,False,2025-08-21 13:24:44
Teste 301,200,0.21351099014282227,False,2025-08-21 13:24:44
Teste 403,Erro,,False,2025-08-21 13:24:44
Google,200,0.2069246768951416,False,2025-08-21 13:25:45
LinkedIn,200,0.29689455032348633,False,2025-08-21 13:25:51
Amazon,503,0.18439650535583496,True,2025-08-21 13:25:57
Globo,200,0.14829230308532715,False,2025-08-21 13:25:59
Teste 404,Erro,,False,2025-08-21 13:26:09
Teste 500,Erro,,False,2025-08-21 13:26:09
Teste 301,200,0.21584582328796387,False,2025-08-21 13:26:09
Teste 403,Erro,,False,2025-08-21 13:26:10
Google,200,0.19829154014587402,False,2025-08-21 13:27:10
LinkedIn,200,0.35399508476257324,False,2025-08-21 13:27:16
Amazon,503,0.18845486640930176,True,2025-08-21 13:27:22
Globo,200,0.22930455207824707,False,2025-08-21 13:27:24
Teste 404,Erro,,False,2025-08-21 13:27:35
Teste 500,Erro,,False,2025-08-21 13:27:35
Teste 301,200,0.19663596153259277,False,2025-08-21 13:27:35
Teste 403,Erro,,False,2025-08-21 13:27:35